course_id,learners_enrolled,status,error
noc26_ae21,844,OK,
noc26_ae22,284,OK,
noc26_ae23,1114,OK,
noc26_ae24,968,OK,
noc26_ae25,413,OK,
noc26_ae26,1110,OK,
noc26_ae27,5494,OK,
noc26_ae28,3035,OK,
noc26_ae29,1313,OK,
noc26_ae30,1013,OK,
noc26_ae31,1090,OK,
noc26_ae32,424,OK,
noc26_ae33,707,OK,
noc26_ae34,706,OK,
noc26_ae35,854,OK,
noc26_ae36,456,OK,
noc26_ae37,228,OK,
noc26_ae38,589,OK,
noc26_ae39,797,OK,
noc26_ae40,1040,OK,
noc26_ae41,659,OK,
noc26_ae42,662,OK,
noc26_ag17,584,OK,
noc26_ag18,1811,OK,
noc26_ag19,1566,OK,
noc26_ag20,4705,OK,
noc26_ag21,8070,OK,
noc26_ag22,1152,OK,
noc26_ag23,7533,OK,
noc26_ag24,2283,OK,
noc26_ag25,1691,OK,
noc26_ag26,514,OK,
noc26_ag27,1929,OK,
noc26_ag28,5400,OK,
noc26_ar18,1337,OK,
noc26_ar19,1052,OK,
noc26_ar20,801,OK,
noc26_ar21,667,OK,
noc26_ar22,554,OK,
noc26_ar23,365,OK,
noc26_ar24,1553,OK,
noc26_ar25,842,OK,
noc26_ar26,498,OK,
noc26_ar27,773,OK,
noc26_ar28,949,OK,
noc26_ar29,265,OK,
noc26_ar30,1627,OK,
noc26_ar31,959,OK,
noc26_ar32,435,OK,
noc26_ar33,3769,OK,
noc26_ar34,1347,OK,
noc26_ar35,802,OK,
noc26_ar36,827,OK,
noc26_ar37,623,OK,
noc26_ar38,505,OK,
noc26_ar39,518,OK,
noc26_ar40,519,OK,
noc26_bt100,1020,OK,
noc26_bt101,3192,OK,
noc26_bt102,3676,OK,
noc26_bt51,994,OK,
noc26_bt52,1753,OK,
noc26_bt53,208,OK,
noc26_bt54,267,OK,
noc26_bt56,7064,OK,
noc26_bt57,901,OK,
noc26_bt58,1438,OK,
noc26_bt59,1575,OK,
noc26_bt60,735,OK,
noc26_bt61,2737,OK,
noc26_bt62,406,OK,
noc26_bt63,327,OK,
noc26_bt65,1086,OK,
noc26_bt66,1369,OK,
noc26_bt67,1068,OK,
noc26_bt68,1092,OK,
noc26_bt69,414,OK,
noc26_bt70,2554,OK,
noc26_bt71,1455,OK,
noc26_bt72,792,OK,
noc26_bt73,2015,OK,
noc26_bt74,986,OK,
noc26_bt76,143,OK,
noc26_bt77,601,OK,
noc26_bt78,4205,OK,
noc26_bt79,6233,OK,
noc26_bt80,2135,OK,
noc26_bt81,1531,OK,
noc26_bt82,1461,OK,
noc26_bt83,824,OK,
noc26_bt84,2308,OK,
noc26_bt85,3067,OK,
noc26_bt86,2888,OK,
noc26_bt87,1240,OK,
noc26_bt88,3392,OK,
noc26_bt89,3152,OK,
noc26_bt90,652,OK,
noc26_bt91,5346,OK,
noc26_bt92,1739,OK,
noc26_bt93,2210,OK,
noc26_bt94,3056,OK,
noc26_bt95,1023,OK,
noc26_bt96,236,OK,
noc26_bt97,2917,OK,
noc26_bt98,1606,OK,
noc26_bt99,2444,OK,
noc26_ce100,3924,OK,
noc26_ce101,490,OK,
noc26_ce102,437,OK,
noc26_ce103,397,OK,
noc26_ce104,242,OK,
noc26_ce105,504,OK,
noc26_ce106,702,OK,
noc26_ce107,2214,OK,
noc26_ce108,422,OK,
noc26_ce109,1137,OK,
noc26_ce110,969,OK,
noc26_ce111,171,OK,
noc26_ce112,881,OK,
noc26_ce113,472,OK,
noc26_ce114,138,OK,
noc26_ce115,1508,OK,
noc26_ce116,588,OK,
noc26_ce117,217,OK,
noc26_ce118,416,OK,
noc26_ce119,133,OK,
noc26_ce120,412,OK,
noc26_ce121,2319,OK,
noc26_ce122,2796,OK,
noc26_ce123,1170,OK,
noc26_ce124,3285,OK,
noc26_ce125,814,OK,
noc26_ce126,4005,OK,
noc26_ce127,107,OK,
noc26_ce128,721,OK,
noc26_ce129,203,OK,
noc26_ce130,274,OK,
noc26_ce131,214,OK,
noc26_ce132,1621,OK,
noc26_ce133,198,OK,
noc26_ce134,309,OK,
noc26_ce135,379,OK,
noc26_ce136,1777,OK,
noc26_ce137,642,OK,
noc26_ce138,325,OK,
noc26_ce139,2343,OK,
noc26_ce140,6013,OK,
noc26_ce141,177,OK,
noc26_ce142,5267,OK,
noc26_ce143,355,OK,
noc26_ce144,1236,OK,
noc26_ce145,996,OK,
noc26_ce146,1551,OK,
noc26_ce147,1414,OK,
noc26_ce148,1775,OK,
noc26_ce149,2220,OK,
noc26_ce150,270,OK,
noc26_ce151,241,OK,
noc26_ce152,189,OK,
noc26_ce153,11542,OK,
noc26_ce154,180,OK,
noc26_ce155,588,OK,
noc26_ce156,407,OK,
noc26_ce157,1581,OK,
noc26_ce158,716,OK,
noc26_ce159,2097,OK,
noc26_ce160,1259,OK,
noc26_ce161,1795,OK,
noc26_ce162,6439,OK,
noc26_ce163,838,OK,
noc26_ce165,231,OK,
noc26_ce166,1301,OK,
noc26_ce82,437,OK,
noc26_ce83,180,OK,
noc26_ce84,83,OK,
noc26_ce85,878,OK,
noc26_ce86,,Removed / Unavailable,
noc26_ce87,1018,OK,
noc26_ce88,139,OK,
noc26_ce89,122,OK,
noc26_ce90,208,OK,
noc26_ce91,133,OK,
noc26_ce92,,Removed / Unavailable,
noc26_ce93,804,OK,
noc26_ce94,2139,OK,
noc26_ce95,484,OK,
noc26_ce96,2335,OK,
noc26_ce97,3501,OK,
noc26_ce98,789,OK,
noc26_ce99,4216,OK,
noc26_ch100,158,OK,
noc26_ch101,181,OK,
noc26_ch102,218,OK,
noc26_ch103,3842,OK,
noc26_ch104,1031,OK,
noc26_ch105,887,OK,
noc26_ch106,289,OK,
noc26_ch107,86,OK,
noc26_ch108,122,OK,
noc26_ch109,1790,OK,
noc26_ch110,319,OK,
noc26_ch111,502,OK,
noc26_ch52,1101,OK,
noc26_ch53,381,OK,
noc26_ch54,124,OK,
noc26_ch55,2816,OK,
noc26_ch56,318,OK,
noc26_ch57,206,OK,
noc26_ch58,264,OK,
noc26_ch59,298,OK,
noc26_ch60,2934,OK,
noc26_ch61,92,OK,
noc26_ch62,696,OK,
noc26_ch63,207,OK,
noc26_ch64,861,OK,
noc26_ch65,419,OK,
noc26_ch66,858,OK,
noc26_ch67,108,OK,
noc26_ch68,381,OK,
noc26_ch69,1688,OK,
noc26_ch70,332,OK,
noc26_ch71,193,OK,
noc26_ch72,2562,OK,
noc26_ch73,4140,OK,
noc26_ch74,5103,OK,
noc26_ch75,2666,OK,
noc26_ch76,1976,OK,
noc26_ch77,899,OK,
noc26_ch78,10356,OK,
noc26_ch79,6865,OK,
noc26_ch80,633,OK,
noc26_ch81,2325,OK,
noc26_ch82,203,OK,
noc26_ch83,169,OK,
noc26_ch84,356,OK,
noc26_ch85,480,OK,
noc26_ch86,249,OK,
noc26_ch87,296,OK,
noc26_ch88,837,OK,
noc26_ch89,2188,OK,
noc26_ch90,734,OK,
noc26_ch91,193,OK,
noc26_ch92,691,OK,
noc26_ch93,319,OK,
noc26_ch94,321,OK,
noc26_ch95,344,OK,
noc26_ch96,407,OK,
noc26_ch97,297,OK,
noc26_ch98,324,OK,
noc26_ch99,469,OK,
noc26_cs100,1952,OK,
noc26_cs101,5668,OK,
noc26_cs102,7923,OK,
noc26_cs103,2096,OK,
noc26_cs104,13080,OK,
noc26_cs105,6334,OK,
noc26_cs106,9548,OK,
noc26_cs107,69862,OK,
noc26_cs108,2528,OK,
noc26_cs109,37914,OK,
noc26_cs110,7944,OK,
noc26_cs111,4634,OK,
noc26_cs112,24804,OK,
noc26_cs113,19430,OK,
noc26_cs114,7294,OK,
noc26_cs115,5940,OK,
noc26_cs116,582,OK,
noc26_cs117,40469,OK,
noc26_cs118,4767,OK,
noc26_cs119,27969,OK,
noc26_cs120,7079,OK,
noc26_cs121,1744,OK,
noc26_cs122,1759,OK,
noc26_cs123,19305,OK,
noc26_cs124,414,OK,
noc26_cs125,1696,OK,
noc26_cs126,415,OK,
noc26_cs127,795,OK,
noc26_cs128,3648,OK,
noc26_cs129,29036,OK,
noc26_cs130,1082,OK,
noc26_cs131,16351,OK,
noc26_cs132,13243,OK,
noc26_cs133,35474,OK,
noc26_cs134,7382,OK,
noc26_cs135,10165,OK,
noc26_cs136,53618,OK,
noc26_cs137,4835,OK,
noc26_cs138,22507,OK,
noc26_cs139,8212,OK,
noc26_cs140,3824,OK,
noc26_cs141,39808,OK,
noc26_cs142,748,OK,
noc26_cs143,2096,OK,
noc26_cs144,45937,OK,
noc26_cs145,20131,OK,
noc26_cs146,19864,OK,
noc26_cs147,463,OK,
noc26_cs148,167,OK,
noc26_cs149,334,OK,
noc26_cs150,88141,OK,
noc26_cs151,19643,OK,
noc26_cs152,12576,OK,
noc26_cs153,79609,OK,
noc26_cs154,1060,OK,
noc26_cs155,11408,OK,
noc26_cs156,16012,OK,
noc26_cs157,44195,OK,
noc26_cs158,9660,OK,
noc26_cs159,15202,OK,
noc26_cs160,45538,OK,
noc26_cs161,114196,OK,
noc26_cs162,30949,OK,
noc26_cs163,2570,OK,
noc26_cs164,1673,OK,
noc26_cs165,635,OK,
noc26_cs166,15691,OK,
noc26_cs167,1608,OK,
noc26_cs168,4168,OK,
noc26_cs169,4640,OK,
noc26_cs170,7403,OK,
noc26_cs171,23399,OK,
noc26_cs172,198,OK,
noc26_cs173,2761,OK,
noc26_cs174,7137,OK,
noc26_cs175,3445,OK,
noc26_cs176,3115,OK,
noc26_cs177,17621,OK,
noc26_cs178,3469,OK,
noc26_cs179,4140,OK,
noc26_cs180,16199,OK,
noc26_cs181,7560,OK,
noc26_cs182,19201,OK,
noc26_cs183,5704,OK,
noc26_cs184,1429,OK,
noc26_cs185,5099,OK,
noc26_cs186,4706,OK,
noc26_cs187,959,OK,
noc26_cs188,17831,OK,
noc26_cs189,17051,OK,
noc26_cs90,1100,OK,
noc26_cs91,1880,OK,
noc26_cs92,653,OK,
noc26_cs93,1611,OK,
noc26_cs94,308,OK,
noc26_cs95,19214,OK,
noc26_cs96,2179,OK,
noc26_cs97,3548,OK,
noc26_cs98,8145,OK,
noc26_cs99,29008,OK,
noc26_cy41,331,OK,
noc26_cy42,849,OK,
noc26_cy43,882,OK,
noc26_cy44,333,OK,
noc26_cy45,1793,OK,
noc26_cy46,366,OK,
noc26_cy47,1512,OK,
noc26_cy48,1446,OK,
noc26_cy49,280,OK,
noc26_cy50,141,OK,
noc26_cy51,102,OK,
noc26_cy52,1612,OK,
noc26_cy53,426,OK,
noc26_cy54,457,OK,
noc26_cy55,516,OK,
noc26_cy56,116,OK,
noc26_cy57,117,OK,
noc26_cy58,250,OK,
noc26_cy59,153,OK,
noc26_cy60,655,OK,
noc26_cy61,329,OK,
noc26_cy62,199,OK,
noc26_cy63,294,OK,
noc26_cy64,1588,OK,
noc26_cy65,276,OK,
noc26_cy66,640,OK,
noc26_cy67,237,OK,
noc26_cy68,804,OK,
noc26_cy69,1159,OK,
noc26_cy70,709,OK,
noc26_cy71,384,OK,
noc26_cy72,847,OK,
noc26_cy73,2960,OK,
noc26_cy74,495,OK,
noc26_cy75,474,OK,
noc26_cy76,559,OK,
noc26_de19,512,OK,
noc26_de20,1220,OK,
noc26_de21,1610,OK,
noc26_de22,371,OK,
noc26_de23,3786,OK,
noc26_de24,186,OK,
noc26_de25,318,OK,
noc26_de26,16775,OK,
noc26_de27,3177,OK,
noc26_de28,1431,OK,
noc26_de29,279,OK,
noc26_de30,1155,OK,
noc26_de31,291,OK,
noc26_ec11,2725,OK,
noc26_ec12,529,OK,
noc26_ec13,489,OK,
noc26_ec14,915,OK,
noc26_ec15,320,OK,
noc26_ec16,3379,OK,
noc26_ec17,669,OK,
noc26_ec18,2399,OK,
noc26_ec19,225,OK,
noc26_ec20,2832,OK,
noc26_ec21,1009,OK,
noc26_ec22,633,OK,
noc26_ec23,888,OK,
noc26_ee100,316,OK,
noc26_ee101,4608,OK,
noc26_ee102,366,OK,
noc26_ee103,10667,OK,
noc26_ee104,1195,OK,
noc26_ee105,934,OK,
noc26_ee106,998,OK,
noc26_ee107,1416,OK,
noc26_ee108,2507,OK,
noc26_ee109,3157,OK,
noc26_ee110,1965,OK,
noc26_ee111,1434,OK,
noc26_ee112,946,OK,
noc26_ee113,3246,OK,
noc26_ee114,454,OK,
noc26_ee115,2591,OK,
noc26_ee116,2029,OK,
noc26_ee117,110,OK,
noc26_ee118,2189,OK,
noc26_ee119,985,OK,
noc26_ee120,6264,OK,
noc26_ee121,1346,OK,
noc26_ee122,139,OK,
noc26_ee123,2828,OK,
noc26_ee124,242,OK,
noc26_ee125,1499,OK,
noc26_ee126,1184,OK,
noc26_ee127,1211,OK,
noc26_ee128,227,OK,
noc26_ee129,1077,OK,
noc26_ee130,1669,OK,
noc26_ee131,1717,OK,
noc26_ee132,134,OK,
noc26_ee133,1010,OK,
noc26_ee134,3477,OK,
noc26_ee135,5051,OK,
noc26_ee137,2062,OK,
noc26_ee138,7001,OK,
noc26_ee139,5917,OK,
noc26_ee140,839,OK,
noc26_ee141,691,OK,
noc26_ee142,248,OK,
noc26_ee143,223,OK,
noc26_ee144,2251,OK,
noc26_ee145,194,OK,
noc26_ee146,3025,OK,
noc26_ee147,14831,OK,
noc26_ee148,491,OK,
noc26_ee149,1224,OK,
noc26_ee150,343,OK,
noc26_ee151,940,OK,
noc26_ee152,2045,OK,
noc26_ee153,1641,OK,
noc26_ee154,7489,OK,
noc26_ee155,919,OK,
noc26_ee156,2498,OK,
noc26_ee157,2387,OK,
noc26_ee158,576,OK,
noc26_ee159,13257,OK,
noc26_ee160,426,OK,
noc26_ee161,297,OK,
noc26_ee162,681,OK,
noc26_ee163,719,OK,
noc26_ee164,179,OK,
noc26_ee165,214,OK,
noc26_ee166,1697,OK,
noc26_ee167,2105,OK,
noc26_ee168,3676,OK,
noc26_ee169,1370,OK,
noc26_ee170,1614,OK,
noc26_ee171,2426,OK,
noc26_ee172,1550,OK,
noc26_ee173,1356,OK,
noc26_ee174,3141,OK,
noc26_ee175,5007,OK,
noc26_ee176,3025,OK,
noc26_ee177,19680,OK,
noc26_ee178,5492,OK,
noc26_ee179,809,OK,
noc26_ee180,1928,OK,
noc26_ee181,2143,OK,
noc26_ee182,2079,OK,
noc26_ee183,416,OK,
noc26_ee184,684,OK,
noc26_ee185,460,OK,
noc26_ee186,414,OK,
noc26_ee187,10446,OK,
noc26_ee188,224,OK,
noc26_ee189,8348,OK,
noc26_ee190,1445,OK,
noc26_ee191,1678,OK,
noc26_ee192,312,OK,
noc26_ee193,7772,OK,
noc26_ee194,1321,OK,
noc26_ee195,289,OK,
noc26_ee197,857,OK,
noc26_ee198,908,OK,
noc26_ee199,137,OK,
noc26_ee200,1005,OK,
noc26_ee201,418,OK,
noc26_ee202,1207,OK,
noc26_ee93,604,OK,
noc26_ee94,1623,OK,
noc26_ee95,391,OK,
noc26_ee96,6261,OK,
noc26_ee97,3369,OK,
noc26_ee98,1028,OK,
noc26_ee99,302,OK,
noc26_ge100,14070,OK,
noc26_ge101,427,OK,
noc26_ge102,4906,OK,
noc26_ge103,964,OK,
noc26_ge104,309,OK,
noc26_ge105,4013,OK,
noc26_ge106,7056,OK,
noc26_ge47,179,OK,
noc26_ge48,398,OK,
noc26_ge49,673,OK,
noc26_ge50,1686,OK,
noc26_ge55,838,OK,
noc26_ge57,293,OK,
noc26_ge58,7527,OK,
noc26_ge59,3848,OK,
noc26_ge60,1417,OK,
noc26_ge61,1324,OK,
noc26_ge62,1340,OK,
noc26_ge63,5425,OK,
noc26_ge64,740,OK,
noc26_ge65,3473,OK,
noc26_ge66,481,OK,
noc26_ge67,2671,OK,
noc26_ge68,944,OK,
noc26_ge69,3818,OK,
noc26_ge70,1206,OK,
noc26_ge71,116,OK,
noc26_ge72,5935,OK,
noc26_ge73,101,OK,
noc26_ge74,207,OK,
noc26_ge75,2502,OK,
noc26_ge76,563,OK,
noc26_ge77,869,OK,
noc26_ge78,5329,OK,
noc26_ge79,23002,OK,
noc26_ge80,1182,OK,
noc26_ge81,1605,OK,
noc26_ge82,6804,OK,
noc26_ge83,14496,OK,
noc26_ge84,777,OK,
noc26_ge85,2702,OK,
noc26_ge86,598,OK,
noc26_ge87,2255,OK,
noc26_ge88,447,OK,
noc26_ge89,574,OK,
noc26_ge90,2832,OK,
noc26_ge91,1967,OK,
noc26_ge92,118,OK,
noc26_ge93,10961,OK,
noc26_ge94,389,OK,
noc26_ge95,291,OK,
noc26_ge96,5278,OK,
noc26_ge97,2161,OK,
noc26_ge98,5002,OK,
noc26_ge99,1780,OK,
noc26_hs121,408,OK,
noc26_hs123,,Removed / Unavailable,
noc26_hs124,1571,OK,
noc26_hs125,675,OK,
noc26_hs126,1508,OK,
noc26_hs127,2008,OK,
noc26_hs131,853,OK,
noc26_hs133,14220,OK,
noc26_hs135,1510,OK,
noc26_hs136,469,OK,
noc26_hs137,9609,OK,
noc26_hs138,178,OK,
noc26_hs139,5033,OK,
noc26_hs140,416,OK,
noc26_hs141,2626,OK,
noc26_hs142,668,OK,
noc26_hs143,199,OK,
noc26_hs144,680,OK,
noc26_hs145,10543,OK,
noc26_hs146,688,OK,
noc26_hs147,1257,OK,
noc26_hs148,441,OK,
noc26_hs149,4421,OK,
noc26_hs150,2663,OK,
noc26_hs151,687,OK,
noc26_hs152,471,OK,
noc26_hs153,1177,OK,
noc26_hs154,1405,OK,
noc26_hs155,246,OK,
noc26_hs156,1049,OK,
noc26_hs157,201,OK,
noc26_hs158,1296,OK,
noc26_hs159,461,OK,
noc26_hs160,34130,OK,
noc26_hs161,8434,OK,
noc26_hs162,122,OK,
noc26_hs163,932,OK,
noc26_hs164,3632,OK,
noc26_hs165,461,OK,
noc26_hs166,5505,OK,
noc26_hs167,1731,OK,
noc26_hs168,6073,OK,
noc26_hs169,8047,OK,
noc26_hs170,129,OK,
noc26_hs171,93,OK,
noc26_hs172,502,OK,
noc26_hs173,1093,OK,
noc26_hs174,8728,OK,
noc26_hs175,1124,OK,
noc26_hs176,383,OK,
noc26_hs177,306,OK,
noc26_hs178,479,OK,
noc26_hs179,1258,OK,
noc26_hs180,1353,OK,
noc26_hs181,2891,OK,
noc26_hs182,691,OK,
noc26_hs183,1265,OK,
noc26_hs184,9461,OK,
noc26_hs185,592,OK,
noc26_hs186,1626,OK,
noc26_hs187,300,OK,
noc26_hs188,8231,OK,
noc26_hs189,485,OK,
noc26_hs190,412,OK,
noc26_hs191,503,OK,
noc26_hs192,1067,OK,
noc26_hs193,29059,OK,
noc26_hs194,12919,OK,
noc26_hs195,341,OK,
noc26_hs196,246,OK,
noc26_hs197,739,OK,
noc26_hs198,4102,OK,
noc26_hs199,2541,OK,
noc26_hs200,2488,OK,
noc26_hs201,561,OK,
noc26_hs202,206,OK,
noc26_hs203,14660,OK,
noc26_hs204,1332,OK,
noc26_hs206,14689,OK,
noc26_hs207,621,OK,
noc26_hs208,8594,OK,
noc26_hs209,1747,OK,
noc26_hs210,14090,OK,
noc26_hs211,8973,OK,
noc26_hs212,268,OK,
noc26_hs213,1108,OK,
noc26_hs214,1324,OK,
noc26_hs215,1077,OK,
noc26_hs216,5135,OK,
noc26_hs217,527,OK,
noc26_hs218,560,OK,
noc26_hs219,897,OK,
noc26_hs220,812,OK,
noc26_hs221,332,OK,
noc26_hs222,1485,OK,
noc26_hs223,446,OK,
noc26_hs224,5034,OK,
noc26_hs225,1171,OK,
noc26_hs226,1263,OK,
noc26_hs228,308,OK,
noc26_hs229,159,OK,
noc26_hs230,816,OK,
noc26_hs231,2509,OK,
noc26_hs232,3955,OK,
noc26_hs233,245,OK,
noc26_hs234,348,OK,
noc26_hs235,1297,OK,
noc26_hs236,2546,OK,
noc26_hs237,866,OK,
noc26_hs238,717,OK,
noc26_hs239,204,OK,
noc26_hs240,889,OK,
noc26_hs241,3978,OK,
noc26_hs242,2540,OK,
noc26_hs243,1552,OK,
noc26_hs244,1277,OK,
noc26_hs245,1020,OK,
noc26_hs246,425,OK,
noc26_hs247,2099,OK,
noc26_hs248,710,OK,
noc26_hs249,27662,OK,
noc26_hs250,655,OK,
noc26_hs251,468,OK,
noc26_hs252,6131,OK,
noc26_hs253,857,OK,
noc26_hs254,1621,OK,
noc26_lw11,4063,OK,
noc26_lw12,861,OK,
noc26_lw13,624,OK,
noc26_lw14,1374,OK,
noc26_lw15,705,OK,
noc26_lw16,693,OK,
noc26_lw17,1291,OK,
noc26_lw18,421,OK,
noc26_lw19,1363,OK,
noc26_lw20,1969,OK,
noc26_lw21,2019,OK,
noc26_lw22,6833,OK,
noc26_lw23,1137,OK,
noc26_lw24,1625,OK,
noc26_lw25,1107,OK,
noc26_lw26,4931,OK,
noc26_lw27,753,OK,
noc26_lw28,1159,OK,
noc26_ma100,1675,OK,
noc26_ma101,237,OK,
noc26_ma102,3894,OK,
noc26_ma103,189,OK,
noc26_ma104,364,OK,
noc26_ma105,167,OK,
noc26_ma106,216,OK,
noc26_ma107,1044,OK,
noc26_ma108,692,OK,
noc26_ma109,690,OK,
noc26_ma110,595,OK,
noc26_ma111,119,OK,
noc26_ma112,96,OK,
noc26_ma113,527,OK,
noc26_ma114,373,OK,
noc26_ma115,596,OK,
noc26_ma116,1042,OK,
noc26_ma117,121,OK,
noc26_ma118,151,OK,
noc26_ma119,2070,OK,
noc26_ma120,230,OK,
noc26_ma121,558,OK,
noc26_ma122,1225,OK,
noc26_ma123,2617,OK,
noc26_ma124,193,OK,
noc26_ma125,177,OK,
noc26_ma126,854,OK,
noc26_ma127,276,OK,
noc26_ma128,154,OK,
noc26_ma129,1533,OK,
noc26_ma130,1871,OK,
noc26_ma131,687,OK,
noc26_ma132,401,OK,
noc26_ma133,2351,OK,
noc26_ma134,249,OK,
noc26_ma135,403,OK,
noc26_ma136,163,OK,
noc26_ma137,394,OK,
noc26_ma138,223,OK,
noc26_ma139,1558,OK,
noc26_ma140,2654,OK,
noc26_ma141,497,OK,
noc26_ma142,172,OK,
noc26_ma143,417,OK,
noc26_ma144,118,OK,
noc26_ma145,453,OK,
noc26_ma71,131,OK,
noc26_ma72,281,OK,
noc26_ma73,394,OK,
noc26_ma74,167,OK,
noc26_ma75,1123,OK,
noc26_ma77,614,OK,
noc26_ma78,1137,OK,
noc26_ma79,197,OK,
noc26_ma80,3194,OK,
noc26_ma81,731,OK,
noc26_ma83,1482,OK,
noc26_ma84,1404,OK,
noc26_ma85,1000,OK,
noc26_ma86,470,OK,
noc26_ma87,174,OK,
noc26_ma88,890,OK,
noc26_ma89,258,OK,
noc26_ma90,772,OK,
noc26_ma91,1013,OK,
noc26_ma92,632,OK,
noc26_ma93,162,OK,
noc26_ma94,294,OK,
noc26_ma95,956,OK,
noc26_ma96,602,OK,
noc26_ma97,2504,OK,
noc26_ma98,1435,OK,
noc26_ma99,686,OK,
noc26_me104,,Removed / Unavailable,
noc26_me105,137,OK,
noc26_me106,907,OK,
noc26_me107,464,OK,
noc26_me108,106,OK,
noc26_me109,1312,OK,
noc26_me110,635,OK,
noc26_me111,423,OK,
noc26_me112,6317,OK,
noc26_me113,752,OK,
noc26_me114,737,OK,
noc26_me115,455,OK,
noc26_me116,784,OK,
noc26_me117,289,OK,
noc26_me118,4001,OK,
noc26_me119,489,OK,
noc26_me120,650,OK,
noc26_me121,406,OK,
noc26_me122,501,OK,
noc26_me123,2688,OK,
noc26_me124,1438,OK,
noc26_me125,503,OK,
noc26_me126,1487,OK,
noc26_me127,4771,OK,
noc26_me128,937,OK,
noc26_me129,439,OK,
noc26_me130,124,OK,
noc26_me131,141,OK,
noc26_me132,143,OK,
noc26_me133,1741,OK,
noc26_me134,509,OK,
noc26_me135,876,OK,
noc26_me136,364,OK,
noc26_me137,2381,OK,
noc26_me138,1011,OK,
noc26_me139,1457,OK,
noc26_me140,274,OK,
noc26_me141,9614,OK,
noc26_me142,1418,OK,
noc26_me143,348,OK,
noc26_me144,187,OK,
noc26_me145,557,OK,
noc26_me146,339,OK,
noc26_me147,540,OK,
noc26_me148,383,OK,
noc26_me149,1669,OK,
noc26_me150,243,OK,
noc26_me151,2871,OK,
noc26_me152,1118,OK,
noc26_me153,396,OK,
noc26_me154,3573,OK,
noc26_me155,623,OK,
noc26_me156,1941,OK,
noc26_me157,879,OK,
noc26_me158,2094,OK,
noc26_me159,368,OK,
noc26_me160,1060,OK,
noc26_me161,203,OK,
noc26_me162,882,OK,
noc26_me163,97,OK,
noc26_me164,1180,OK,
noc26_me165,2042,OK,
noc26_me166,88,OK,
noc26_me167,1759,OK,
noc26_me168,151,OK,
noc26_me169,864,OK,
noc26_me170,740,OK,
noc26_me171,1481,OK,
noc26_me172,300,OK,
noc26_me173,559,OK,
noc26_me174,550,OK,
noc26_me175,1451,OK,
noc26_me176,129,OK,
noc26_me177,517,OK,
noc26_me178,164,OK,
noc26_me179,132,OK,
noc26_me180,346,OK,
noc26_me181,523,OK,
noc26_me182,445,OK,
noc26_me183,737,OK,
noc26_me184,171,OK,
noc26_me185,526,OK,
noc26_me186,146,OK,
noc26_me187,239,OK,
noc26_me188,4369,OK,
noc26_me189,6038,OK,
noc26_me190,261,OK,
noc26_me191,614,OK,
noc26_me192,895,OK,
noc26_me193,1299,OK,
noc26_me194,409,OK,
noc26_me195,53,OK,
noc26_me196,1014,OK,
noc26_me197,184,OK,
noc26_me198,655,OK,
noc26_me199,830,OK,
noc26_me200,636,OK,
noc26_me201,637,OK,
noc26_me202,2396,OK,
noc26_me203,1336,OK,
noc26_me204,983,OK,
noc26_mg100,9251,OK,
noc26_mg101,2779,OK,
noc26_mg102,996,OK,
noc26_mg103,1729,OK,
noc26_mg104,1103,OK,
noc26_mg105,3725,OK,
noc26_mg106,3730,OK,
noc26_mg107,3600,OK,
noc26_mg108,2053,OK,
noc26_mg109,5917,OK,
noc26_mg110,708,OK,
noc26_mg111,2062,OK,
noc26_mg112,4465,OK,
noc26_mg113,9148,OK,
noc26_mg114,25024,OK,
noc26_mg115,716,OK,
noc26_mg116,7076,OK,
noc26_mg117,3390,OK,
noc26_mg118,122,OK,
noc26_mg119,1238,OK,
noc26_mg120,1606,OK,
noc26_mg121,2063,OK,
noc26_mg122,8824,OK,
noc26_mg123,1828,OK,
noc26_mg124,922,OK,
noc26_mg125,1246,OK,
noc26_mg126,3264,OK,
noc26_mg127,968,OK,
noc26_mg128,753,OK,
noc26_mg129,10913,OK,
noc26_mg130,1085,OK,
noc26_mg131,1739,OK,
noc26_mg132,2432,OK,
noc26_mg133,637,OK,
noc26_mg134,13276,OK,
noc26_mg135,5117,OK,
noc26_mg136,756,OK,
noc26_mg137,1715,OK,
noc26_mg138,1321,OK,
noc26_mg139,20169,OK,
noc26_mg142,8069,OK,
noc26_mg143,2506,OK,
noc26_mg144,962,OK,
noc26_mg145,8487,OK,
noc26_mg146,1517,OK,
noc26_mg147,4899,OK,
noc26_mg148,1675,OK,
noc26_mg149,1159,OK,
noc26_mg150,4333,OK,
noc26_mg151,915,OK,
noc26_mg152,10288,OK,
noc26_mg153,4207,OK,
noc26_mg154,8348,OK,
noc26_mg155,3838,OK,
noc26_mg156,1764,OK,
noc26_mg157,5310,OK,
noc26_mg158,6822,OK,
noc26_mg159,802,OK,
noc26_mg80,6797,OK,
noc26_mg81,2848,OK,
noc26_mg82,3652,OK,
noc26_mg83,1944,OK,
noc26_mg84,18031,OK,
noc26_mg85,729,OK,
noc26_mg86,2281,OK,
noc26_mg87,5182,OK,
noc26_mg88,425,OK,
noc26_mg89,1881,OK,
noc26_mg90,428,OK,
noc26_mg91,938,OK,
noc26_mg92,4315,OK,
noc26_mg93,2145,OK,
noc26_mg94,4932,OK,
noc26_mg95,1412,OK,
noc26_mg96,3522,OK,
noc26_mg97,6066,OK,
noc26_mg98,3711,OK,
noc26_mg99,6339,OK,
noc26_mm48,88,OK,
noc26_mm49,586,OK,
noc26_mm50,582,OK,
noc26_mm51,364,OK,
noc26_mm53,126,OK,
noc26_mm54,143,OK,
noc26_mm55,68,OK,
noc26_mm56,2243,OK,
noc26_mm57,83,OK,
noc26_mm58,95,OK,
noc26_mm59,80,OK,
noc26_mm60,330,OK,
noc26_mm61,198,OK,
noc26_mm62,165,OK,
noc26_mm63,118,OK,
noc26_mm64,672,OK,
noc26_mm65,112,OK,
noc26_mm66,372,OK,
noc26_mm67,272,OK,
noc26_mm68,85,OK,
noc26_mm69,419,OK,
noc26_mm70,265,OK,
noc26_mm71,171,OK,
noc26_mm72,412,OK,
noc26_mm73,280,OK,
noc26_mm74,182,OK,
noc26_mm75,595,OK,
noc26_mm76,6170,OK,
noc26_mm77,80,OK,
noc26_mm78,550,OK,
noc26_mm79,951,OK,
noc26_mm80,300,OK,
noc26_mm81,127,OK,
noc26_mm82,223,OK,
noc26_mm83,658,OK,
noc26_mm84,385,OK,
noc26_mm85,106,OK,
noc26_mm86,165,OK,
noc26_mm87,530,OK,
noc26_mm88,108,OK,
noc26_mm89,185,OK,
noc26_mm90,37,OK,
noc26_mm91,239,OK,
noc26_oe05,294,OK,
noc26_oe06,460,OK,
noc26_oe07,167,OK,
noc26_oe08,284,OK,
noc26_oe09,667,OK,
noc26_ph34,1996,OK,
noc26_ph35,302,OK,
noc26_ph36,691,OK,
noc26_ph37,600,OK,
noc26_ph38,190,OK,
noc26_ph39,840,OK,
noc26_ph40,807,OK,
noc26_ph41,417,OK,
noc26_ph42,556,OK,
noc26_ph43,560,OK,
noc26_ph44,1227,OK,
noc26_ph45,238,OK,
noc26_ph46,139,OK,
noc26_ph47,78,OK,
noc26_ph48,854,OK,
noc26_ph49,517,OK,
noc26_ph50,567,OK,
noc26_ph51,474,OK,
noc26_ph52,502,OK,
noc26_ph53,271,OK,
noc26_ph54,275,OK,
noc26_ph55,280,OK,
noc26_ph56,1338,OK,
noc26_ph57,2870,OK,
noc26_ph58,551,OK,
noc26_ph59,321,OK,
noc26_ph60,580,OK,
noc26_ph61,1919,OK,
noc26_ph62,873,OK,
noc26_ph63,326,OK,
noc26_ph64,190,OK,
noc26_ph65,1307,OK,
noc26_ph66,493,OK,
noc26_te09,212,OK,
noc26_te10,324,OK,
noc26_te11,441,OK,
noc26_te12,578,OK,
noc26_te13,497,OK,
noc26_te14,206,OK,
